{
  "Offers": [
    {
      "Rewards": [
        {
          "ItemType": 48,
          "Amount": 11,
          "BrawlerID": [16, 0],
          "Extra": 0,
          "ItemName": "",
          "BrawlerPower": 11
        },
        {
          "ItemType": 5,
          "Amount": 1,
          "BrawlerID": [16, 0],
          "Extra": 613,
          "ItemName": "",
          "BrawlerPower": 11
        }
      ],
      "Currency": 520,
      "Cost": 1205,
      "Time": 86400,
      "Claim": false,
      "DailyOffer": false,
      "OldPrice": 0,
      "Text": "Shelly hypercharge",
      "Background": "offer_bgr_chromatic",
      "Processed": false,
      "TypeBenefit": 0,
      "Benefit": 0,
      "OneTimeOffer": false,
      "ShopPanelLayout": [69, 1],
      "ShopStyleSet": [70, 0],
      "BundleID": "None",
      "OfferType": 0,
      "IsForPortalEvent": false,
      "IsForHorizonEvent": false,
      "LoadOnStartup": false,
      "StarrDrops": false,
      "NeedsBrawler": 0,
      "UpdateOffers": false,
      "PortaliumStarrDrop": false
    },
    {
      "Rewards": [
        {
          "ItemType": 48,
          "Amount": 11,
          "BrawlerID": [16, 1],
          "Extra": 1,
          "ItemName": "",
          "BrawlerPower": 11
        },
        {
          "ItemType": 5,
          "Amount": 1,
          "BrawlerID": [16, 1],
          "Extra": 614,
          "ItemName": "",
          "BrawlerPower": 11
        }
      ],
      "Currency": 0,
      "Cost": 0,
      "Time": 1728000,
      "Claim": false,
      "DailyOffer": false,
      "OldPrice": 0,
      "Text": "Colt Hypercharge",
      "Background": "offer_bgr_chromatic",
      "Processed": false,
      "TypeBenefit": 0,
      "Benefit": 0,
      "OneTimeOffer": false,
      "ShopPanelLayout": [69, 1],
      "ShopStyleSet": [70, 0],
      "BundleID": "",
      "OfferType": 0,
      "IsForPortalEvent": true,
      "IsForHorizonEvent": false,
      "LoadOnStartup": false,
      "StarrDrops": false,
      "NeedsBrawler": 3,
      "UpdateOffers": false,
      "PortaliumStarrDrop": false
          },
    {
      "Rewards": [
        {
          "ItemType": 48,
          "Amount": 11,
          "BrawlerID": [16, 5],
          "Extra": 1,
          "ItemName": "",
          "BrawlerPower": 11
        },
        {
          "ItemType": 5,
          "Amount": 1,
          "BrawlerID": [16, 5],
          "Extra": 615,
          "ItemName": "",
          "BrawlerPower": 11
        }
      ],
      "Currency": 0,
      "Cost": 0,
      "Time": 1728000,
      "Claim": false,
      "DailyOffer": false,
      "OldPrice": 0,
      "Text": "Spike Hypercharge",
      "Background": "offer_bgr_chromatic",
      "Processed": false,
      "TypeBenefit": 0,
      "Benefit": 0,
      "OneTimeOffer": false,
      "ShopPanelLayout": [69, 1],
      "ShopStyleSet": [70, 0],
      "BundleID": "",
      "OfferType": 0,
      "IsForPortalEvent": true,
      "IsForHorizonEvent": false,
      "LoadOnStartup": false,
      "StarrDrops": false,
      "NeedsBrawler": 3,
      "UpdateOffers": false,
      "PortaliumStarrDrop": false
                },
    {
      "Rewards": [
        {
          "ItemType": 48,
          "Amount": 11,
          "BrawlerID": [16, 2],
          "Extra": 1,
          "ItemName": "",
          "BrawlerPower": 11
        },
        {
          "ItemType": 5,
          "Amount": 1,
          "BrawlerID": [16, 2],
          "Extra": 616,
          "ItemName": "",
          "BrawlerPower": 11
        }
      ],
      "Currency": 0,
      "Cost": 0,
      "Time": 1728000,
      "Claim": false,
      "DailyOffer": false,
      "OldPrice": 0,
      "Text": "Bull Hypercharge",
      "Background": "offer_bgr_chromatic",
      "Processed": false,
      "TypeBenefit": 0,
      "Benefit": 0,
      "OneTimeOffer": false,
      "ShopPanelLayout": [69, 1],
      "ShopStyleSet": [70, 0],
      "BundleID": "",
      "OfferType": 0,
      "IsForPortalEvent": true,
      "IsForHorizonEvent": false,
      "LoadOnStartup": false,
      "StarrDrops": false,
      "NeedsBrawler": 3,
      "UpdateOffers": false,
      "PortaliumStarrDrop": false
          },
    {
      "Rewards": [
        {
          "ItemType": 48,
          "Amount": 11,
          "BrawlerID": [16, 34],
          "Extra": 1,
          "ItemName": "",
          "BrawlerPower": 11
        },
        {
          "ItemType": 5,
          "Amount": 1,
          "BrawlerID": [16, 34],
          "Extra": 617,
          "ItemName": "",
          "BrawlerPower": 11
        }
      ],
      "Currency": 0,
      "Cost": 0,
      "Time": 1728000,
      "Claim": false,
      "DailyOffer": false,
      "OldPrice": 0,
      "Text": "Jacky Hypercharge",
      "Background": "offer_bgr_chromatic",
      "Processed": false,
      "TypeBenefit": 0,
      "Benefit": 0,
      "OneTimeOffer": false,
      "ShopPanelLayout": [69, 1],
      "ShopStyleSet": [70, 0],
      "BundleID": "",
      "OfferType": 0,
      "IsForPortalEvent": true,
      "IsForHorizonEvent": false,
      "LoadOnStartup": false,
      "StarrDrops": false,
      "NeedsBrawler": 3,
      "UpdateOffers": false,
      "PortaliumStarrDrop": false
                },
    {
      "Rewards": [
        {
          "ItemType": 48,
          "Amount": 11,
          "BrawlerID": [16, 72],
          "Extra": 1,
          "ItemName": "",
          "BrawlerPower": 11
        },
        {
          "ItemType": 5,
          "Amount": 1,
          "BrawlerID": [16, 72],
          "Extra": 618,
          "ItemName": "",
          "BrawlerPower": 11
        }
      ],
      "Currency": 0,
      "Cost": 0,
      "Time": 1728000,
      "Claim": false,
      "DailyOffer": false,
      "OldPrice": 0,
      "Text": "Pearl Hypercharge",
      "Background": "offer_bgr_chromatic",
      "Processed": false,
      "TypeBenefit": 0,
      "Benefit": 0,
      "OneTimeOffer": false,
      "ShopPanelLayout": [69, 1],
      "ShopStyleSet": [70, 0],
      "BundleID": "",
      "OfferType": 0,
      "IsForPortalEvent": true,
      "IsForHorizonEvent": false,
      "LoadOnStartup": false,
      "StarrDrops": false,
      "NeedsBrawler": 3,
      "UpdateOffers": false,
      "PortaliumStarrDrop": false
          },
    {
      "Rewards": [
        {
          "ItemType": 48,
          "Amount": 1,
          "BrawlerID": [16, 72],
          "Extra": 617,
          "ItemName": "",
          "BrawlerPower": 11
        }
      ],
      "Currency": 0,
      "Cost": 0,
      "Time": 1728000,
      "Claim": false,
      "DailyOffer": false,
      "OldPrice": 0,
      "Text": "FREE BRAWLER!",
      "Background": "offer_overcharge",
      "Processed": false,
      "TypeBenefit": 0,
      "Benefit": 0,
      "OneTimeOffer": false,
      "ShopPanelLayout": [0, 0],
      "ShopStyleSet": [0, 0],
      "BundleID": "",
      "OfferType": 0,
      "IsForPortalEvent": true,
      "IsForHorizonEvent": false,
      "LoadOnStartup": false,
      "StarrDrops": false,
      "NeedsBrawler": 3,
      "UpdateOffers": false,
      "PortaliumStarrDrop": false
    }
    
  ]
  
}