{
  "Offers": [
    {
      "Rewards": [
        {
          "ItemType": 3,
          "Amount": 1,
          "BrawlerID": [16, 35],
          "Extra": 0,
          "ItemName": "",
          "BrawlerPower": 1
        },
        {
          "ItemType": 4,
          "Amount": 1,
          "BrawlerID": [16, 35],
          "Extra": 180,
          "ItemName": "",
          "BrawlerPower": 1
         },
        {
          "ItemType": 19,
          "Amount": 1,
          "BrawlerID": [16, 35],
          "Extra": 221,
          "ItemName": "",
          "BrawlerPower": 1
        }
      ],
      "Currency": 6,
      "Cost": 5000,
      "Time": 1296000,
      "Claim": false,
      "DailyOffer": false,
      "OldPrice": 0,
      "Text": "SEASON 1!",
      "Background": "offer_bgr_chromatic",
      "Processed": false,
      "TypeBenefit": 0,
      "Benefit": 0,
      "OneTimeOffer": false,
      "ShopPanelLayout": [0, 0],
      "ShopStyleSet": [70, 0],
      "BundleID": "None",
      "OfferType": 0,
      "IsForPortalEvent": false,
      "IsForHorizonEvent": false,
      "LoadOnStartup": false,
      "StarrDrops": false,
      "NeedsBrawler": 0,
      "UpdateOffers": false,
      "PortaliumStarrDrop": false
          },
    {
      "Rewards": [
        {
          "ItemType": 19,
          "Amount": 1,
          "BrawlerID": [0, 0],
          "Extra": 222,
          "ItemName": "",
          "BrawlerPower": 1
        },
        {
          "ItemType": 19,
          "Amount": 1,
          "BrawlerID": [0, 0],
          "Extra": 223,
          "ItemName": "",
          "BrawlerPower": 1
                  },
        {
          "ItemType": 19,
          "Amount": 1,
          "BrawlerID": [0, 0],
          "Extra": 224,
          "ItemName": "",
          "BrawlerPower": 1
         },
        {
          "ItemType": 19,
          "Amount": 1,
          "BrawlerID": [0, 0],
          "Extra": 909,
          "ItemName": "",
          "BrawlerPower": 1
        }
      ],
      "Currency": 1,
      "Cost": 1,
      "Time": 1296000,
      "Claim": false,
      "DailyOffer": false,
      "OldPrice": 0,
      "Text": "PINS",
      "Background": "offer_bgr_university",
      "Processed": false,
      "TypeBenefit": 0,
      "Benefit": 0,
      "OneTimeOffer": false,
      "ShopPanelLayout": [0, 0],
      "ShopStyleSet": [70, 0],
      "BundleID": "None",
      "OfferType": 0,
      "IsForPortalEvent": false,
      "IsForHorizonEvent": false,
      "LoadOnStartup": false,
      "StarrDrops": false,
      "NeedsBrawler": 0,
      "UpdateOffers": false,
      "PortaliumStarrDrop": false
                },
    {
      "Rewards": [
        {
          "ItemType": 19,
          "Amount": 1,
          "BrawlerID": [0, 0],
          "Extra": 226,
          "ItemName": "",
          "BrawlerPower": 1
        },
        {
          "ItemType": 19,
          "Amount": 1,
          "BrawlerID": [0, 0],
          "Extra": 227,
          "ItemName": "",
          "BrawlerPower": 1
                  },
        {
          "ItemType": 19,
          "Amount": 1,
          "BrawlerID": [0, 0],
          "Extra": 228,
          "ItemName": "",
          "BrawlerPower": 1
         },
        {
          "ItemType": 19,
          "Amount": 1,
          "BrawlerID": [0, 0],
          "Extra": 510,
          "ItemName": "",
          "BrawlerPower": 1
        }
      ],
      "Currency": 1,
      "Cost": 1,
      "Time": 1296000,
      "Claim": false,
      "DailyOffer": false,
      "OldPrice": 0,
      "Text": "PINS",
      "Background": "offer_bgr_university",
      "Processed": false,
      "TypeBenefit": 0,
      "Benefit": 0,
      "OneTimeOffer": false,
      "ShopPanelLayout": [0, 0],
      "ShopStyleSet": [70, 0],
      "BundleID": "None",
      "OfferType": 0,
      "IsForPortalEvent": false,
      "IsForHorizonEvent": false,
      "LoadOnStartup": false,
      "StarrDrops": false,
      "NeedsBrawler": 0,
      "UpdateOffers": false,
      "PortaliumStarrDrop": false
    }
  ]
  
}