{
  "Offers": [
    {
      "Rewards": [
        {
          "ItemType": 3,
          "Amount": 1,
          "BrawlerID": [16, 39],
          "Extra": 0,
          "ItemName": "",
          "BrawlerPower": 1
         },
        {
          "ItemType": 4,
          "Amount": 1,
          "BrawlerID": [16,39],
          "Extra": 212,
          "ItemName": "",
          "BrawlerPower": 1
         },
        {
          "ItemType": 19,
          "Amount": 1,
          "BrawlerID": [16,39],
          "Extra": 312,
          "ItemName": "",
          "BrawlerPower": 1
        }
      ],
      "Currency": 0,
      "Cost": 0,
      "Time": 432000,
      "Claim": false,
      "DailyOffer": false,
      "OldPrice": 0,
      "Text": "FREE BRAWLER AND EXCLUSIVE SKIN!",
      "Background": "offer_bgr_candyland",
      "Processed": false,
      "TypeBenefit": 0,
      "Benefit": 10,
      "OneTimeOffer": false,
      "ShopPanelLayout": [0, 0],
      "ShopStyleSet": [70, 0],
      "BundleID": "None",
      "OfferType": 0,
      "IsForPortalEvent": false,
      "IsForHorizonEvent": false,
      "LoadOnStartup": false,
      "StarrDrops": false,
      "NeedsBrawler": 0,
      "UpdateOffers": false,
      "PortaliumStarrDrop": false
    },
    {
      "Rewards": [
        {
          "ItemType": 19,
          "Amount": 1,
          "BrawlerID": [16, 39],
          "Extra": 319,
          "ItemName": "",
          "BrawlerPower": 1
         },
        {
          "ItemType": 19,
          "Amount": 1,
          "BrawlerID": [16, 39],
          "Extra": 314,
          "ItemName": "",
          "BrawlerPower": 1
         },
        {
          "ItemType": 19,
          "Amount": 1,
          "BrawlerID": [16, 39],
          "Extra": 316,
          "ItemName": "",
          "BrawlerPower": 1
         },
        {
          "ItemType": 19,
          "Amount": 1,
          "BrawlerID": [16, 39],
          "Extra": 318,
          "ItemName": "",
          "BrawlerPower": 1
        }
      ],
      "Currency": 1,
      "Cost": 1,
      "Time": 432000,
      "Claim": false,
      "DailyOffer": false,
      "OldPrice": 349,
      "Text": "PINS",
      "Background": "offer_candyland",
      "Processed": false,
      "TypeBenefit": 0,
      "Benefit": 0,
      "OneTimeOffer": false,
      "ShopPanelLayout": [0, 0],
      "ShopStyleSet": [70, 0],
      "BundleID": "None",
      "OfferType": 0,
      "IsForPortalEvent": false,
      "IsForHorizonEvent": false,
      "LoadOnStartup": false,
      "StarrDrops": false,
      "NeedsBrawler": 0,
      "UpdateOffers": false,
      "PortaliumStarrDrop": false
    },
    {
      "Rewards": [
        {
          "ItemType": 19,
          "Amount": 1,
          "BrawlerID": [16, 39],
          "Extra": 508,
          "ItemName": "",
          "BrawlerPower": 1
         },
        {
          "ItemType": 19,
          "Amount": 1,
          "BrawlerID": [16, 39],
          "Extra": 315,
          "ItemName": "",
          "BrawlerPower": 1
         },
        {
          "ItemType": 19,
          "Amount": 1,
          "BrawlerID": [16, 39],
          "Extra": 317,
          "ItemName": "",
          "BrawlerPower": 1
         },
        {
          "ItemType": 19,
          "Amount": 1,
          "BrawlerID": [16, 39],
          "Extra": 313,
          "ItemName": "",
          "BrawlerPower": 1
        }
      ],
      "Currency": 1,
      "Cost": 1,
      "Time": 432000,
      "Claim": false,
      "DailyOffer": false,
      "OldPrice": 439,
      "Text": "PINS",
      "Background": "offer_candyland",
      "Processed": false,
      "TypeBenefit": 0,
      "Benefit": 0,
      "OneTimeOffer": false,
      "ShopPanelLayout": [0, 0],
      "ShopStyleSet": [70, 0],
      "BundleID": "None",
      "OfferType": 0,
      "IsForPortalEvent": false,
      "IsForHorizonEvent": false,
      "LoadOnStartup": false,
      "StarrDrops": false,
      "NeedsBrawler": 0,
      "UpdateOffers": false,
      "PortaliumStarrDrop": false
     },
    {
      "Rewards": [
        {
          "ItemType": 4,
          "Amount": 1,
          "BrawlerID": [0, 0],
          "Extra": 712,
          "ItemName": "",
          "BrawlerPower": 1
        }
      ],
      "Currency": 0,
      "Cost": 0,
      "Time": 172800,
      "Claim": false,
      "DailyOffer": false,
      "OldPrice": 99,
      "Text": "CURSED SKIN💀",
      "Background": "offer_wf",
      "Processed": false,
      "TypeBenefit": 0,
      "Benefit": 0,
      "OneTimeOffer": false,
      "ShopPanelLayout": [0, 0],
      "ShopStyleSet": [0, 0],
      "BundleID": "None",
      "OfferType": 0,
      "IsForPortalEvent": false,
      "IsForHorizonEvent": false,
      "LoadOnStartup": false,
      "StarrDrops": false,
      "NeedsBrawler": 0,
      "UpdateOffers": false,
      "PortaliumStarrDrop": false
     },
    {
      "Rewards": [
        {
          "ItemType": 19,
          "Amount": 1,
          "BrawlerID": [0, 0],
          "Extra": 328,
          "ItemName": "",
          "BrawlerPower": 1
        },
        {
          "ItemType": 19,
          "Amount": 1,
          "BrawlerID": [0, 0],
          "Extra": 329,
          "ItemName": "",
          "BrawlerPower": 1
         },
        {
          "ItemType": 19,
          "Amount": 1,
          "BrawlerID": [0, 0],
          "Extra": 330,
          "ItemName": "",
          "BrawlerPower": 1
         },
        {
          "ItemType": 19,
          "Amount": 1,
          "BrawlerID": [0, 0],
          "Extra": 331,
          "ItemName": "",
          "BrawlerPower": 1
        }
      ],
      "Currency": 0,
      "Cost": 0,
      "Time": 864000,
      "Claim": false,
      "DailyOffer": false,
      "OldPrice": 99,
      "Text": "FREE THROPHY PINS!",
      "Background": "offer_esports22",
      "Processed": false,
      "TypeBenefit": 0,
      "Benefit": 0,
      "OneTimeOffer": false,
      "ShopPanelLayout": [0, 0],
      "ShopStyleSet": [0, 0],
      "BundleID": "None",
      "OfferType": 0,
      "IsForPortalEvent": false,
      "IsForHorizonEvent": false,
      "LoadOnStartup": false,
      "StarrDrops": false,
      "NeedsBrawler": 0,
      "UpdateOffers": false,
      "PortaliumStarrDrop": false
           },
    {
      "Rewards": [
        {
          "ItemType": 19,
          "Amount": 1,
          "BrawlerID": [0, 0],
          "Extra": 332,
          "ItemName": "",
          "BrawlerPower": 1
        },
        {
          "ItemType": 19,
          "Amount": 1,
          "BrawlerID": [0, 0],
          "Extra": 333,
          "ItemName": "",
          "BrawlerPower": 1
         },
        {
          "ItemType": 19,
          "Amount": 1,
          "BrawlerID": [0, 0],
          "Extra": 334,
          "ItemName": "",
          "BrawlerPower": 1
         },
        {
          "ItemType": 19,
          "Amount": 1,
          "BrawlerID": [0, 0],
          "Extra": 335,
          "ItemName": "",
          "BrawlerPower": 1
        }
      ],
      "Currency": 0,
      "Cost": 0,
      "Time": 864000,
      "Claim": false,
      "DailyOffer": false,
      "OldPrice": 99,
      "Text": "FREE THROPHY PINS!",
      "Background": "offer_esports22",
      "Processed": false,
      "TypeBenefit": 0,
      "Benefit": 0,
      "OneTimeOffer": false,
      "ShopPanelLayout": [0, 0],
      "ShopStyleSet": [0, 0],
      "BundleID": "None",
      "OfferType": 0,
      "IsForPortalEvent": false,
      "IsForHorizonEvent": false,
      "LoadOnStartup": false,
      "StarrDrops": false,
      "NeedsBrawler": 0,
      "UpdateOffers": false,
      "PortaliumStarrDrop": false
                 },
    {
      "Rewards": [
        {
          "ItemType": 19,
          "Amount": 1,
          "BrawlerID": [0, 0],
          "Extra": 455,
          "ItemName": "",
          "BrawlerPower": 1
        },
        {
          "ItemType": 19,
          "Amount": 1,
          "BrawlerID": [0, 0],
          "Extra": 456,
          "ItemName": "",
          "BrawlerPower": 1
         },
        {
          "ItemType": 19,
          "Amount": 1,
          "BrawlerID": [0, 0],
          "Extra": 457,
          "ItemName": "",
          "BrawlerPower": 1
        }
      ],
      "Currency": 0,
      "Cost": 0,
      "Time": 864000,
      "Claim": false,
      "DailyOffer": false,
      "OldPrice": 99,
      "Text": "FREE THROPHY PINS!",
      "Background": "offer_esports22",
      "Processed": false,
      "TypeBenefit": 0,
      "Benefit": 0,
      "OneTimeOffer": false,
      "ShopPanelLayout": [0, 0],
      "ShopStyleSet": [0, 0],
      "BundleID": "None",
      "OfferType": 0,
      "IsForPortalEvent": false,
      "IsForHorizonEvent": false,
      "LoadOnStartup": false,
      "StarrDrops": false,
      "NeedsBrawler": 0,
      "UpdateOffers": false,
      "PortaliumStarrDrop": false
                       },
    {
      "Rewards": [
        {
          "ItemType": 19,
          "Amount": 1,
          "BrawlerID": [0, 0],
          "Extra": 543,
          "ItemName": "",
          "BrawlerPower": 1
        },
        {
          "ItemType": 19,
          "Amount": 1,
          "BrawlerID": [0, 0],
          "Extra": 544,
          "ItemName": "",
          "BrawlerPower": 1
         },
        {
          "ItemType": 19,
          "Amount": 1,
          "BrawlerID": [0, 0],
          "Extra": 545,
          "ItemName": "",
          "BrawlerPower": 1
         },
        {
          "ItemType": 19,
          "Amount": 1,
          "BrawlerID": [0, 0],
          "Extra": 546,
          "ItemName": "",
          "BrawlerPower": 1
        }
      ],
      "Currency": 0,
      "Cost": 0,
      "Time": 864000,
      "Claim": false,
      "DailyOffer": false,
      "OldPrice": 99,
      "Text": "FREE THROPHY PINS!",
      "Background": "offer_esports22",
      "Processed": false,
      "TypeBenefit": 0,
      "Benefit": 0,
      "OneTimeOffer": false,
      "ShopPanelLayout": [0, 0],
      "ShopStyleSet": [0, 0],
      "BundleID": "None",
      "OfferType": 0,
      "IsForPortalEvent": false,
      "IsForHorizonEvent": false,
      "LoadOnStartup": false,
      "StarrDrops": false,
      "NeedsBrawler": 0,
      "UpdateOffers": false,
      "PortaliumStarrDrop": false
                             },
    {
      "Rewards": [
        {
          "ItemType": 19,
          "Amount": 1,
          "BrawlerID": [0, 0],
          "Extra": 547,
          "ItemName": "",
          "BrawlerPower": 1
        },
        {
          "ItemType": 19,
          "Amount": 1,
          "BrawlerID": [0, 0],
          "Extra": 593,
          "ItemName": "",
          "BrawlerPower": 1
        }
      ],
      "Currency": 0,
      "Cost": 0,
      "Time": 864000,
      "Claim": false,
      "DailyOffer": false,
      "OldPrice": 99,
      "Text": "FREE THROPHY PINS!",
      "Background": "offer_esports22",
      "Processed": false,
      "TypeBenefit": 0,
      "Benefit": 0,
      "OneTimeOffer": false,
      "ShopPanelLayout": [0, 0],
      "ShopStyleSet": [0, 0],
      "BundleID": "None",
      "OfferType": 0,
      "IsForPortalEvent": false,
      "IsForHorizonEvent": false,
      "LoadOnStartup": false,
      "StarrDrops": false,
      "NeedsBrawler": 0,
      "UpdateOffers": false,
      "PortaliumStarrDrop": false
    }
  ]
  
}