{
  "Offers": [
    {
      "Rewards": [
        {
          "ItemType": 3,
          "Amount": 1,
          "BrawlerID": [16, 45],
          "Extra": 0,
          "ItemName": "",
          "BrawlerPower": 1
        },
        {
          "ItemType": 4,
          "Amount": 1,
          "BrawlerID": [16, 45],
          "Extra": 701,
          "ItemName": "",
          "BrawlerPower": 1
         },
        {
          "ItemType": 19,
          "Amount": 1,
          "BrawlerID": [16, 70],
          "Extra": 1278,
          "ItemName": "",
          "BrawlerPower": 1
         },
        {
          "ItemType": 25,
          "Amount": 1,
          "BrawlerID": [16, 70],
          "Extra": 299,
          "ItemName": "",
          "BrawlerPower": 1
        }
      ],
      "Currency": 0,
      "Cost": 0,
      "Time": 1296000,
      "Claim": false,
      "DailyOffer": false,
      "OldPrice": 0,
      "Text": "JOCK STU",
      "Background": "offer_bgr_university",
      "Processed": false,
      "TypeBenefit": 0,
      "Benefit": 0,
      "OneTimeOffer": false,
      "ShopPanelLayout": [0, 0],
      "ShopStyleSet": [70, 0],
      "BundleID": "None",
      "OfferType": 0,
      "IsForPortalEvent": false,
      "IsForHorizonEvent": false,
      "LoadOnStartup": false,
      "StarrDrops": false,
      "NeedsBrawler": 0,
      "UpdateOffers": false,
      "PortaliumStarrDrop": false
          },
    {
      "Rewards": [
        {
          "ItemType": 19,
          "Amount": 1,
          "BrawlerID": [0, 0],
          "Extra": 1279,
          "ItemName": "",
          "BrawlerPower": 1
        },
        {
          "ItemType": 19,
          "Amount": 1,
          "BrawlerID": [0, 0],
          "Extra": 1280,
          "ItemName": "",
          "BrawlerPower": 1
                  },
        {
          "ItemType": 19,
          "Amount": 1,
          "BrawlerID": [0, 0],
          "Extra": 1281,
          "ItemName": "",
          "BrawlerPower": 1
         },
        {
          "ItemType": 19,
          "Amount": 1,
          "BrawlerID": [0, 0],
          "Extra": 1282,
          "ItemName": "",
          "BrawlerPower": 1
        }
      ],
      "Currency": 1,
      "Cost": 1,
      "Time": 1296000,
      "Claim": false,
      "DailyOffer": false,
      "OldPrice": 0,
      "Text": "PINS",
      "Background": "offer_bgr_university",
      "Processed": false,
      "TypeBenefit": 0,
      "Benefit": 0,
      "OneTimeOffer": false,
      "ShopPanelLayout": [0, 0],
      "ShopStyleSet": [70, 0],
      "BundleID": "None",
      "OfferType": 0,
      "IsForPortalEvent": false,
      "IsForHorizonEvent": false,
      "LoadOnStartup": false,
      "StarrDrops": false,
      "NeedsBrawler": 0,
      "UpdateOffers": false,
      "PortaliumStarrDrop": false
                },
    {
      "Rewards": [
        {
          "ItemType": 19,
          "Amount": 1,
          "BrawlerID": [0, 0],
          "Extra": 1283,
          "ItemName": "",
          "BrawlerPower": 1
        },
        {
          "ItemType": 19,
          "Amount": 1,
          "BrawlerID": [0, 0],
          "Extra": 1284,
          "ItemName": "",
          "BrawlerPower": 1
                  },
        {
          "ItemType": 19,
          "Amount": 1,
          "BrawlerID": [0, 0],
          "Extra": 1285,
          "ItemName": "",
          "BrawlerPower": 1
         },
        {
          "ItemType": 19,
          "Amount": 1,
          "BrawlerID": [0, 0],
          "Extra": 1286,
          "ItemName": "",
          "BrawlerPower": 1
        }
      ],
      "Currency": 1,
      "Cost": 1,
      "Time": 1296000,
      "Claim": false,
      "DailyOffer": false,
      "OldPrice": 0,
      "Text": "PINS",
      "Background": "offer_bgr_university",
      "Processed": false,
      "TypeBenefit": 0,
      "Benefit": 0,
      "OneTimeOffer": false,
      "ShopPanelLayout": [0, 0],
      "ShopStyleSet": [70, 0],
      "BundleID": "None",
      "OfferType": 0,
      "IsForPortalEvent": false,
      "IsForHorizonEvent": false,
      "LoadOnStartup": false,
      "StarrDrops": false,
      "NeedsBrawler": 0,
      "UpdateOffers": false,
      "PortaliumStarrDrop": false
          },
    {
      "Rewards": [
        {
          "ItemType": 3,
          "Amount": 1,
          "BrawlerID": [16, 47],
          "Extra": 0,
          "ItemName": "",
          "BrawlerPower": 1
        },
        {
          "ItemType": 4,
          "Amount": 1,
          "BrawlerID": [16, 24],
          "Extra": 698,
          "ItemName": "",
          "BrawlerPower": 1
         },
        {
          "ItemType": 19,
          "Amount": 1,
          "BrawlerID": [16, 24],
          "Extra": 1277,
          "ItemName": "",
          "BrawlerPower": 1
         },
        {
          "ItemType": 25,
          "Amount": 1,
          "BrawlerID": [16, 24],
          "Extra": 301,
          "ItemName": "",
          "BrawlerPower": 1
        }
      ],
      "Currency": 0,
      "Cost": 149,
      "Time": 1296000,
      "Claim": false,
      "DailyOffer": false,
      "OldPrice": 499,
      "Text": "NERD SQUEAK",
      "Background": "offer_bgr_university",
      "Processed": false,
      "TypeBenefit": 0,
      "Benefit": 0,
      "OneTimeOffer": false,
      "ShopPanelLayout": [0, 0],
      "ShopStyleSet": [70, 0],
      "BundleID": "None",
      "OfferType": 0,
      "IsForPortalEvent": false,
      "IsForHorizonEvent": false,
      "LoadOnStartup": false,
      "StarrDrops": false,
      "NeedsBrawler": 0,
      "UpdateOffers": false,
      "PortaliumStarrDrop": false
          },
    {
      "Rewards": [
        {
          "ItemType": 3,
          "Amount": 1,
          "BrawlerID": [16, 24],
          "Extra": 0,
          "ItemName": "",
          "BrawlerPower": 1
        },
        {
          "ItemType": 4,
          "Amount": 1,
          "BrawlerID": [16, 24],
          "Extra": 699,
          "ItemName": "",
          "BrawlerPower": 1
         },
        {
          "ItemType": 19,
          "Amount": 1,
          "BrawlerID": [16, 24],
          "Extra": 1276,
          "ItemName": "",
          "BrawlerPower": 1
         },
        {
          "ItemType": 25,
          "Amount": 1,
          "BrawlerID": [16, 24],
          "Extra": 300,
          "ItemName": "",
          "BrawlerPower": 1
        }
      ],
      "Currency": 0,
      "Cost": 149,
      "Time": 1296000,
      "Claim": false,
      "DailyOffer": false,
      "OldPrice": 179,
      "Text": "CHEERLEADER ROSA",
      "Background": "offer_bgr_university",
      "Processed": false,
      "TypeBenefit": 0,
      "Benefit": 0,
      "OneTimeOffer": false,
      "ShopPanelLayout": [0, 0],
      "ShopStyleSet": [70, 0],
      "BundleID": "None",
      "OfferType": 0,
      "IsForPortalEvent": false,
      "IsForHorizonEvent": false,
      "LoadOnStartup": false,
      "StarrDrops": false,
      "NeedsBrawler": 0,
      "UpdateOffers": false,
      "PortaliumStarrDrop": false
    }
  ]
  
}